||shah||shah@gmail.com||shah
hh||hh||hh||gg||gg
Shahriar||Mahi||mahi@gmail.com||mahi||mahi
Nifat||Srezon||nifat@gmail.com||nifat||nifat
user||user||user1@email.com||user||user
||||||sad||asdasd
Saif Siddique||Rayhan||saif@gmail.com||1234||1234
rafee||saif||abc@hotmail.com||123451||123
shahriar||mahi||mahi@hotmail.com||123||123
||Rafee||rafee@mail.com||||
Saif Siddique||Rayhan||saif_rafi07@hotmail.com||12345||12345
